{"stats":{"minecraft:picked_up":{"minecraft:wheat_seeds":1},"minecraft:dropped":{"minecraft:wheat_seeds":1},"minecraft:custom":{"minecraft:jump":21,"minecraft:time_since_rest":1473,"minecraft:leave_game":1,"minecraft:walk_on_water_one_cm":715,"minecraft:sprint_one_cm":4463,"minecraft:play_time":1473,"minecraft:damage_taken":30,"minecraft:time_since_death":1473,"minecraft:walk_one_cm":443,"minecraft:total_world_time":1473,"minecraft:walk_under_water_one_cm":701,"minecraft:swim_one_cm":1243,"minecraft:drop":1,"minecraft:fall_one_cm":984,"minecraft:fly_one_cm":3050},"minecraft:mined":{"minecraft:short_grass":1}},"DataVersion":3953}