{"stats":{"minecraft:mined":{"minecraft:short_grass":3,"minecraft:grass_block":2},"minecraft:picked_up":{"minecraft:dirt":2},"minecraft:used":{"minecraft:oak_log":176,"minecraft:dirt":2},"minecraft:custom":{"minecraft:jump":224,"minecraft:time_since_rest":18875,"minecraft:damage_taken":70,"minecraft:leave_game":7,"minecraft:damage_dealt":18,"minecraft:crouch_one_cm":1403,"minecraft:sprint_one_cm":19871,"minecraft:play_time":18875,"minecraft:time_since_death":18875,"minecraft:walk_on_water_one_cm":1238,"minecraft:walk_one_cm":4303,"minecraft:sneak_time":481,"minecraft:total_world_time":18875,"minecraft:walk_under_water_one_cm":1376,"minecraft:swim_one_cm":41,"minecraft:fall_one_cm":1300,"minecraft:fly_one_cm":135763}},"DataVersion":3953}