{"stats":{"minecraft:mined":{"minecraft:short_grass":3,"minecraft:grass_block":2},"minecraft:custom":{"minecraft:jump":64,"minecraft:time_since_rest":7103,"minecraft:crouch_one_cm":1381,"minecraft:damage_taken":70,"minecraft:damage_dealt":18,"minecraft:sprint_one_cm":6739,"minecraft:leave_game":2,"minecraft:play_time":7103,"minecraft:walk_on_water_one_cm":1238,"minecraft:time_since_death":7103,"minecraft:walk_one_cm":2295,"minecraft:sneak_time":360,"minecraft:total_world_time":7103,"minecraft:walk_under_water_one_cm":1376,"minecraft:swim_one_cm":41,"minecraft:fall_one_cm":1300,"minecraft:fly_one_cm":55231},"minecraft:picked_up":{"minecraft:dirt":2},"minecraft:used":{"minecraft:oak_log":97,"minecraft:dirt":2}},"DataVersion":3953}